{"type_employer": {"class_counts": [["Private", 2250], ["Self-emp-not-inc", 278], ["Local-gov", 214], ["State-gov", 128], ["Self-emp-inc", 111], ["Federal-gov", 87]], "avg_precision": 1.0, "avg_recall": 1.0, "avg_f1": 1.0, "avg_accuracy": 1.0, "weighted_precision": 1.0, "weighted_recall": 1.0, "weighted_f1": 1.0, "weighted_accuracy": 1.0, "class_precision": [1.0, 1.0, 1.0, 1.0, 1.0, 1.0], "class_recall": [1.0, 1.0, 1.0, 1.0, 1.0, 1.0], "class_f1": [1.0, 1.0, 1.0, 1.0, 1.0, 1.0], "class_accuracy": 1.0, "num_classes": 6, "num_applicable_rows": 3068, "confusion_matrix": [["Private", [["Private", 2250]]], ["Self-emp-not-inc", [["Self-emp-not-inc", 278]]], ["Local-gov", [["Local-gov", 214]]], ["State-gov", [["State-gov", 128]]], ["Self-emp-inc", [["Self-emp-inc", 111]]], ["Federal-gov", [["Federal-gov", 87]]]], "precision_recall_curves": {"Private": {"precision": [1.0, 1.0, 1.0, 1.0, 1.0, 1.0, 1.0, 1.0, 1.0, 1.0, 1.0, 1.0, 1.0, 1.0, 1.0, 1.0, 1.0, 1.0, 1.0, 1.0, 1.0, 1.0, 1.0, 1.0, 1.0, 1.0, 1.0, 1.0, 1.0], "recall": [1.0, 0.9995555555555555, 0.9991111111111111, 0.9986666666666667, 0.9982222222222222, 0.9977777777777778, 0.9968888888888889, 0.9964444444444445, 0.9955555555555555, 0.9951111111111111, 0.9937777777777778, 0.9933333333333333, 0.9928888888888889, 0.9924444444444445, 0.9911111111111112, 0.9897777777777778, 0.9875555555555555, 0.9853333333333333, 0.9835555555555555, 0.9813333333333333, 0.9764444444444444, 0.968, 0.9542222222222222, 0.9333333333333333, 0.8875555555555555, 0.8124444444444444, 0.6715555555555556, 0.45111111111111113, 0.0], "thresholds": [0.9999780654907227, 0.9999784231185913, 0.9999896287918091, 0.999990701675415, 0.9999951124191284, 0.9999953508377075, 0.9999969005584717, 0.9999971389770508, 0.9999972581863403, 0.999997615814209, 0.9999977350234985, 0.9999978542327881, 0.9999979734420776, 0.9999982118606567, 0.9999983310699463, 0.9999985694885254, 0.9999986886978149, 0.9999988079071045, 0.999998927116394, 0.9999990463256836, 0.9999991655349731, 0.9999992847442627, 0.9999994039535522, 0.9999995231628418, 0.9999996423721313, 0.9999997615814209, 0.9999998807907104, 1.0]}, "Self-emp-not-inc": {"precision": [1.0, 1.0, 1.0, 1.0, 1.0, 1.0, 1.0, 1.0, 1.0, 1.0, 1.0, 1.0, 1.0, 1.0, 1.0, 1.0, 1.0, 1.0, 1.0, 1.0, 1.0, 1.0, 1.0, 1.0, 1.0, 1.0, 1.0, 1.0, 1.0, 1.0, 1.0, 1.0, 1.0, 1.0, 1.0, 1.0, 1.0, 1.0, 1.0, 1.0, 1.0, 1.0, 1.0, 1.0, 1.0, 1.0, 1.0, 1.0, 1.0, 1.0, 1.0, 1.0, 1.0, 1.0, 1.0, 1.0, 1.0, 1.0, 1.0, 1.0, 1.0, 1.0, 1.0, 1.0, 1.0, 1.0, 1.0, 1.0, 1.0, 1.0, 1.0, 1.0, 1.0, 1.0, 1.0, 1.0, 1.0, 1.0, 1.0, 1.0, 1.0, 1.0, 1.0, 1.0], "recall": [1.0, 0.9964028776978417, 0.9928057553956835, 0.9892086330935251, 0.9856115107913669, 0.9784172661870504, 0.9712230215827338, 0.9676258992805755, 0.9640287769784173, 0.960431654676259, 0.9568345323741008, 0.9532374100719424, 0.9460431654676259, 0.9388489208633094, 0.935251798561151, 0.9316546762589928, 0.9280575539568345, 0.9244604316546763, 0.920863309352518, 0.9172661870503597, 0.9100719424460432, 0.9064748201438849, 0.9028776978417267, 0.8992805755395683, 0.89568345323741, 0.8884892086330936, 0.8812949640287769, 0.8776978417266187, 0.8633093525179856, 0.8561151079136691, 0.8525179856115108, 0.8381294964028777, 0.8345323741007195, 0.8201438848920863, 0.8165467625899281, 0.8093525179856115, 0.8057553956834532, 0.802158273381295, 0.7913669064748201, 0.7805755395683454, 0.7697841726618705, 0.762589928057554, 0.7553956834532374, 0.7446043165467626, 0.7302158273381295, 0.7266187050359713, 0.7122302158273381, 0.6798561151079137, 0.6726618705035972, 0.6546762589928058, 0.6330935251798561, 0.6258992805755396, 0.6151079136690647, 0.6079136690647482, 0.5899280575539568, 0.564748201438849, 0.539568345323741, 0.5143884892086331, 0.5071942446043165, 0.49280575539568344, 0.4748201438848921, 0.4568345323741007, 0.4352517985611511, 0.4064748201438849, 0.381294964028777, 0.3597122302158273, 0.34532374100719426, 0.33093525179856115, 0.302158273381295, 0.29856115107913667, 0.2517985611510791, 0.20863309352517986, 0.1906474820143885, 0.16546762589928057, 0.12589928057553956, 0.10431654676258993, 0.08633093525179857, 0.07553956834532374, 0.06115107913669065, 0.03237410071942446, 0.01079136690647482, 0.007194244604316547, 0.0035971223021582736, 0.0], "thresholds": [0.9999711513519287, 0.9999799728393555, 0.9999825954437256, 0.9999855756759644, 0.9999877214431763, 0.9999881982803345, 0.9999884366989136, 0.9999885559082031, 0.9999887943267822, 0.9999889135360718, 0.9999890327453613, 0.9999891519546509, 0.9999897480010986, 0.9999899864196777, 0.9999902248382568, 0.9999904632568359, 0.9999905824661255, 0.9999908208847046, 0.9999909400939941, 0.9999910593032837, 0.9999911785125732, 0.9999915361404419, 0.9999916553497314, 0.999991774559021, 0.9999920129776001, 0.9999921321868896, 0.9999922513961792, 0.9999923706054688, 0.9999926090240479, 0.9999927282333374, 0.999992847442627, 0.9999929666519165, 0.999993085861206, 0.9999934434890747, 0.9999935626983643, 0.9999936819076538, 0.9999938011169434, 0.9999939203262329, 0.9999940395355225, 0.999994158744812, 0.9999942779541016, 0.9999943971633911, 0.9999945163726807, 0.9999946355819702, 0.9999947547912598, 0.9999948740005493, 0.9999951124191284, 0.999995231628418, 0.9999953508377075, 0.9999954700469971, 0.9999955892562866, 0.9999957084655762, 0.9999958276748657, 0.9999959468841553, 0.9999960660934448, 0.9999961853027344, 0.9999963045120239, 0.9999964237213135, 0.999996542930603, 0.9999966621398926, 0.9999967813491821, 0.9999969005584717, 0.9999970197677612, 0.9999971389770508, 0.9999972581863403, 0.9999973773956299, 0.9999974966049194, 0.999997615814209, 0.9999977350234985, 0.9999978542327881, 0.9999979734420776, 0.9999980926513672, 0.9999982118606567, 0.9999983310699463, 0.9999984502792358, 0.9999985694885254, 0.9999986886978149, 0.9999988079071045, 0.999998927116394, 0.9999990463256836, 0.9999991655349731, 0.9999992847442627, 0.9999996423721313]}, "Local-gov": {"precision": [1.0, 1.0, 1.0, 1.0, 1.0, 1.0, 1.0, 1.0, 1.0, 1.0, 1.0, 1.0, 1.0, 1.0, 1.0, 1.0, 1.0, 1.0, 1.0, 1.0, 1.0, 1.0, 1.0, 1.0, 1.0, 1.0, 1.0, 1.0, 1.0, 1.0, 1.0, 1.0, 1.0, 1.0, 1.0, 1.0, 1.0, 1.0, 1.0, 1.0, 1.0, 1.0, 1.0, 1.0, 1.0, 1.0, 1.0, 1.0, 1.0, 1.0, 1.0, 1.0, 1.0, 1.0, 1.0, 1.0, 1.0, 1.0, 1.0, 1.0, 1.0], "recall": [1.0, 0.9953271028037384, 0.9906542056074766, 0.985981308411215, 0.9813084112149533, 0.9766355140186916, 0.9719626168224299, 0.9672897196261683, 0.9626168224299065, 0.9579439252336449, 0.9532710280373832, 0.9485981308411215, 0.9439252336448598, 0.9392523364485982, 0.9299065420560748, 0.9205607476635514, 0.9112149532710281, 0.897196261682243, 0.8925233644859814, 0.8878504672897196, 0.883177570093458, 0.8738317757009346, 0.8644859813084113, 0.8504672897196262, 0.8411214953271028, 0.8364485981308412, 0.8317757009345794, 0.822429906542056, 0.8130841121495327, 0.8084112149532711, 0.7990654205607477, 0.794392523364486, 0.7850467289719626, 0.7663551401869159, 0.7476635514018691, 0.7289719626168224, 0.6869158878504673, 0.6542056074766355, 0.6308411214953271, 0.616822429906542, 0.5934579439252337, 0.5654205607476636, 0.5560747663551402, 0.5233644859813084, 0.4953271028037383, 0.45794392523364486, 0.4158878504672897, 0.3691588785046729, 0.3037383177570093, 0.2336448598130841, 0.205607476635514, 0.1588785046728972, 0.1308411214953271, 0.08411214953271028, 0.06542056074766354, 0.06074766355140187, 0.037383177570093455, 0.028037383177570093, 0.02336448598130841, 0.014018691588785047, 0.0],