{"country": {"class_counts": [["United-States", 2911], ["Mexico", 61], ["Philippines", 24], ["Puerto-Rico", 14], ["El-Salvador", 13], ["Canada", 12], ["Germany", 11], ["Cuba", 11], ["Dominican-Republic", 9], ["South", 9], ["India", 9], ["Poland", 8], ["England", 8], ["Jamaica", 7], ["Guatemala", 6], ["Haiti", 6], ["Italy", 6], ["Iran", 6], ["Vietnam", 5], ["Japan", 5], ["Peru", 4], ["France", 4], ["Trinadad&Tobago", 4], ["Columbia", 4], ["China", 3], ["Hong", 3], ["Taiwan", 3], ["Scotland", 3], ["Portugal", 3], ["Nicaragua", 3], ["Cambodia", 2], ["Greece", 2], ["Yugoslavia", 2], ["Ireland", 2], ["Honduras", 1], ["Laos", 1], ["Ecuador", 1], ["Thailand", 1], ["Hungary", 1]], "avg_precision": 0.9422059422059422, "avg_recall": 0.9358974358974359, "avg_f1": 0.926433847700816, "avg_accuracy": 0.9984316185696361, "weighted_precision": 0.9987203999123698, "weighted_recall": 0.9984316185696361, "weighted_f1": 0.9982437912912486, "weighted_accuracy": 0.9984316185696361, "class_precision": [1.0, 1.0, 1.0, 1.0, 1.0, 1.0, 1.0, 1.0, 1.0, 1.0, 1.0, 1.0, 0.8888888888888888, 1.0, 1.0, 1.0, 1.0, 0.8571428571428571, 1.0, 1.0, 1.0, 1.0, 1.0, 1.0, 1.0, 1.0, 1.0, 1.0, 1.0, 1.0, 1.0, 1.0, 1.0, 0.6666666666666666, 0.0, 0.3333333333333333, 1.0, 1.0, 1.0], "class_recall": [1.0, 1.0, 1.0, 1.0, 1.0, 1.0, 1.0, 1.0, 1.0, 1.0, 1.0, 1.0, 1.0, 1.0, 1.0, 1.0, 1.0, 1.0, 1.0, 1.0, 1.0, 1.0, 1.0, 1.0, 1.0, 0.6666666666666666, 1.0, 0.3333333333333333, 1.0, 1.0, 0.5, 1.0, 1.0, 1.0, 0.0, 1.0, 1.0, 1.0, 1.0], "class_f1": [1.0, 1.0, 1.0, 1.0, 1.0, 1.0, 1.0, 1.0, 1.0, 1.0, 1.0, 1.0, 0.9411764705882353, 1.0, 1.0, 1.0, 1.0, 0.923076923076923, 1.0, 1.0, 1.0, 1.0, 1.0, 1.0, 1.0, 0.8, 1.0, 0.5, 1.0, 1.0, 0.6666666666666666, 1.0, 1.0, 0.8, 0.0, 0.5, 1.0, 1.0, 1.0], "class_accuracy": 0.9984316185696361, "num_classes": 39, "num_applicable_rows": 3188, "confusion_matrix": [["United-States", [["United-States", 2911]]], ["Mexico", [["Mexico", 61]]], ["Philippines", [["Philippines", 24]]], ["Puerto-Rico", [["Puerto-Rico", 14]]], ["El-Salvador", [["El-Salvador", 13]]], ["Canada", [["Canada", 12]]], ["Germany", [["Germany", 11]]], ["Cuba", [["Cuba", 11]]], ["Dominican-Republic", [["Dominican-Republic", 9]]], ["South", [["South", 9]]], ["India", [["India", 9]]], ["Poland", [["Poland", 8]]], ["England", [["England", 8]]], ["Jamaica", [["Jamaica", 7]]], ["Guatemala", [["Guatemala", 6]]], ["Haiti", [["Haiti", 6]]], ["Italy", [["Italy", 6]]], ["Iran", [["Iran", 6]]], ["Vietnam", [["Vietnam", 5]]], ["Japan", [["Japan", 5]]], ["Peru", [["Peru", 4]]], ["France", [["France", 4]]], ["Trinadad&Tobago", [["Trinadad&Tobago", 4]]], ["Columbia", [["Columbia", 4]]], ["China", [["China", 3]]], ["Hong", [["Hong", 2], ["Laos", 1]]], ["Taiwan", [["Taiwan", 3]]], ["Scotland", [["Scotland", 1], ["Ireland", 1], ["England", 1]]], ["Portugal", [["Portugal", 3]]], ["Nicaragua", [["Nicaragua", 3]]], ["Cambodia", [["Laos", 1], ["Cambodia", 1]]], ["Greece", [["Greece", 2]]], ["Yugoslavia", [["Yugoslavia", 2]]], ["Ireland", [["Ireland", 2]]], ["Honduras", [["Iran", 1]]], ["Laos", [["Laos", 1]]], ["Ecuador", [["Ecuador", 1]]], ["Thailand", [["Thailand", 1]]], ["Hungary", [["Hungary", 1]]]], "precision_recall_curves": {"United-States": {"precision": [1.0, 1.0, 1.0, 1.0, 1.0, 1.0, 1.0, 1.0, 1.0, 1.0, 1.0, 1.0, 1.0, 1.0, 1.0, 1.0, 1.0, 1.0, 1.0, 1.0, 1.0, 1.0, 1.0], "recall": [1.0, 0.9996564754379939, 0.9993129508759876, 0.9989694263139814, 0.9986259017519753, 0.9979388526279629, 0.9975953280659567, 0.9972518035039505, 0.9962212298179319, 0.9955341806939196, 0.9951906561319135, 0.9948471315699072, 0.9945036070079011, 0.9934730333218825, 0.9931295087598764, 0.9920989350738578, 0.9914118859498454, 0.9900377877018207, 0.9876331157677773, 0.9821367227756784, 0.9683957402954311, 0.9096530401923738, 0.0], "thresholds": [0.9999877214431763, 0.9999899864196777, 0.9999942779541016, 0.999996542930603, 0.9999966621398926, 0.9999971389770508, 0.9999973773956299, 0.9999974966049194, 0.9999978542327881, 0.9999980926513672, 0.9999983310699463, 0.9999984502792358, 0.9999986886978149, 0.9999990463256836, 0.9999991655349731, 0.9999992847442627, 0.9999994039535522, 0.9999995231628418, 0.9999996423721313, 0.9999997615814209, 0.9999998807907104, 1.0]}, "Mexico": {"precision": [1.0, 1.0, 1.0, 1.0, 1.0, 1.0, 1.0, 1.0, 1.0, 1.0, 1.0, 1.0, 1.0, 1.0, 1.0, 1.0, 1.0, 1.0, 1.0, 1.0, 1.0, 1.0, 1.0, 1.0, 1.0, 1.0, 1.0, 1.0, 1.0, 1.0, 1.0, 1.0, 1.0, 1.0, 1.0, 1.0, 1.0, 1.0, 1.0, 1.0, 1.0, 1.0, 1.0, 1.0, 1.0, 1.0, 1.0, 1.0, 1.0, 1.0], "recall": [1.0, 0.9836065573770492, 0.9672131147540983, 0.9508196721311475, 0.9344262295081968, 0.9180327868852459, 0.9016393442622951, 0.8852459016393442, 0.8688524590163934, 0.8524590163934426, 0.8360655737704918, 0.819672131147541, 0.8032786885245902, 0.7868852459016393, 0.7704918032786885, 0.7540983606557377, 0.7377049180327869, 0.7213114754098361, 0.7049180327868853, 0.6885245901639344, 0.6721311475409836, 0.6557377049180327, 0.639344262295082, 0.6065573770491803, 0.5901639344262295, 0.5737704918032787, 0.5573770491803278, 0.5409836065573771, 0.5245901639344263, 0.5081967213114754, 0.4918032786885246, 0.47540983606557374, 0.45901639344262296, 0.4426229508196721, 0.4262295081967213, 0.3770491803278688, 0.36065573770491804, 0.3442622950819672, 0.32786885245901637, 0.3114754098360656, 0.29508196721311475, 0.26229508196721313, 0.22950819672131148, 0.18032786885245902, 0.16393442622950818, 0.13114754098360656, 0.11475409836065574, 0.08196721311475409, 0.04918032786885246, 0.0], "thresholds": [0.9998328685760498, 0.9998770952224731, 0.9999592304229736, 0.9999595880508423, 0.9999686479568481, 0.999972939491272, 0.9999749660491943, 0.9999773502349854, 0.999982476234436, 0.9999833106994629, 0.9999847412109375, 0.9999849796295166, 0.9999855756759644, 0.9999861717224121, 0.9999878406524658, 0.9999881982803345, 0.9999896287918091, 0.9999897480010986, 0.9999908208847046, 0.9999915361404419, 0.9999918937683105, 0.999992847442627, 0.9999929666519165, 0.9999938011169434, 0.999994158744812, 0.9999942779541016, 0.9999946355819702, 0.9999948740005493, 0.9999951124191284, 0.9999954700469971, 0.9999957084655762, 0.9999960660934448, 0.9999967813491821, 0.9999969005584717, 0.9999973773956299, 0.9999974966049194, 0.999997615814209, 0.9999977350234985, 0.9999980926513672, 0.9999982118606567, 0.9999983310699463, 0.9999985694885254, 0.9999986886978149, 0.999998927116394, 0.9999990463256836, 0.9999991655349731, 0.9999995231628418, 0.9999996423721313, 0.9999997615814209]}, "Philippines": {"precision": [1.0, 1.0, 1.0, 1.0, 1.0, 1.0, 1.0, 1.0, 1.0, 1.0, 1.0, 1.0, 1.0, 1.0, 1.0, 1.0, 1.0, 1.0, 1.0, 1.0, 1.0, 1.0, 1.0, 1.0], "recall": [1.0, 0.9583333333333334, 0.9166666666666666, 0.875, 0.8333333333333334, 0.7916666666666666, 0.75, 0.7083333333333334, 0.6666666666666666, 0.625, 0.5833333333333334, 0.5416666666666666, 0.5, 0.4583333333333333, 0.375, 0.3333333333333333, 0.2916666666666667, 0.25, 0.20833333333333334, 0.16666666666666666, 0.125, 0.08333333333333333, 0.041666666666666664, 0.0], "thresholds": [0.9996345043182373, 0.9998884201049805, 0.9999120235443115, 0.999969482421875, 0.9999722242355347, 0.9999727010726929, 0.999972939491272, 0.9999747276306152, 0.9999769926071167, 0.9999803304672241, 0.9999825954437256, 0.999984860420227, 0.9999878406524658, 0.9999880790710449, 0.9999889135360718, 0.9999901056289673, 0.9999909400939941, 0.9999935626983643, 0.9999947547912598, 0.9999951124191284, 0.999995231628418, 0.9999959468841553, 0.9999960660934448]}, "Germany": {"precision": [1.0, 1.0, 1.0, 1.0, 1.0, 1.0, 1.0, 1.0, 1.0, 1.0, 1.0, 1.0], "recall": [1.0, 0.9090909090909091, 0.8181818181818182, 0.7272727272727273, 0.6363636363636364, 0.5454545454545454, 0.45454545454545453, 0.36363636363636365, 0.2727272727272727, 0.18181818181818182, 0.09090909090909091, 0.0],